G1,G2,E1,E2,N1,N2,M1,M2
-0.24220192667982038,-1.0452809996179673,0.26416409940478525,-1.0513149660756937,0.9543336073253271,0.6260253965979107,-0.4520660934329691,-1.03954681722124
0.414433133331623,1.0181820967195707,0.9970806571574962,0.9511897312113419,0.7211099590828592,0.3033868449641069,0.22366867639428442,-1.5072655244667428
0.8055301700917944,-0.7924829697025265,0.8076402527918959,0.9511897312113419,-1.169773352541339,-2.1006143519041904,0.3840552918572697,1.0085838137285612
0.13721440739685678,-0.1240488927363415,0.6071755225884811,0.9511897312113419,-1.5327408637369686,1.2739656120756149,1.0545643968746277,-0.9722139483726422
1.6695589833252076,-0.948047955500639,-0.635727394456954,0.9511897312113419,0.77296363139495,0.7313659384649305,1.8074223460660777,-1.0047854245752768
1.5104852762824823,-0.8580347496756928,-0.767652624372338,0.9511897312113419,-0.1422298607171817,0.350424442930042,1.343244979719047,-0.7994162141568549
1.3988005576045004,0.5934990374917866,0.8193148672697057,0.9511897312113419,-1.1546386130227104,-0.1902611645905445,0.6744185257917424,-0.6828107385505362
0.7268071648241693,-0.19500330742171212,-1.1213901732531004,-1.0513149660756937,-1.333344780073649,-1.2232789424440773,-0.8465816020083292,-0.1956827530299699
-0.4582851553350173,0.10097773500544295,0.45062589509970896,0.9511897312113419,0.7833079607642851,0.31271840294758935,0.1387123186964632,0.388027383791788
0.44063797215795736,2.585030076998108,0.6526641557019719,-1.0513149660756937,-0.9265971045938687,0.3218542072277712,0.8080286780930637,0.8300632960969223
-0.16780741622858728,-0.29718366039474564,-0.6428235362072705,0.9511897312113419,-0.006926733558583955,0.16147244034989358,0.30572942300875255,-1.2765531300181996
-0.49397169216375747,-1.4681687189173698,0.7981798841291464,-1.0513149660756937,-1.4851648383170393,-0.6180535634333993,0.9444091497786454,2.2038322224000964
2.7445292460221355,0.6466988348460491,-0.09962831534165484,0.9511897312113419,0.7706509342324026,0.4048476890208419,1.2706434925044088,0.3044836125810288
-1.2183753031420606,-0.2007674046186186,0.2305553521664292,0.9511897312113419,0.386400651916083,0.4341410226953763,-0.8353901719302225,0.23125014468752197
-1.5769072087842237,-0.2637879904053441,-1.411349140858242,0.9511897312113419,1.077953585627891,-1.8154450490781575,-0.08974415286146584,-0.05368567029163853
0.6383963403069675,-1.4050338991617553,0.7899797150129361,-1.0513149660756937,0.6927238002090642,-1.1167797388288818,0.41974969546788543,0.008423538957314404
-0.9625930511009639,0.25633370861143046,0.01624427685173239,-1.0513149660756937,0.3942635949912764,-1.091909479169184,-0.2789477538312955,-0.7439009246988474
1.9118740134207852,-0.41846817561185556,0.011493975759806058,0.9511897312113419,0.08133709033380229,0.48841820206372566,-1.1214693854282196,0.2798394141528009
-0.3392740333236326,0.054118720836918655,0.6298745058272783,0.9511897312113419,-1.2878130872063944,-0.8737589545460326,-0.6746659306178097,-0.3074792309278706
-0.8147532487885797,1.4883696845585535,-0.002265835775238794,0.9511897312113419,-1.2371468879863625,-0.4632268029794137,-0.8379687924261423,-0.5446393118430279
0.47922028645664444,1.1434326177436749,0.27631365634386496,-1.0513149660756937,-0.8205804247336803,-1.1461918525074992,-1.7644229392462039,1.3084264566823642
-0.2112801522255528,0.20780224175902462,0.8427867290049199,0.9511897312113419,0.6995688364612124,1.3949348930304757,-0.9373386928224806,1.8595254539202266
-0.34326714042789563,-0.15410698721968988,-0.5098338106418929,0.9511897312113419,0.5088326802014936,-1.4854839175895624,-0.9595503325134891,0.4022423979950378
1.0998833951233753,-0.36708348603001806,-0.6095402944662701,-1.0513149660756937,0.6656802612161355,-0.161982665184732,1.4823396442203387,1.714698804878555
-0.9727494877285993,-0.4538137454006214,-0.6947124008160306,0.9511897312113419,-1.4493302215400212,1.066231975034066,0.36722945502298626,-0.5410062842741477
-0.45875468031721595,-1.2496518389984468,-0.15049783114927592,0.9511897312113419,0.2714151550948781,0.38252230878654014,-0.9710351008315228,0.3922462812649824
-1.4171187753452534,-0.8443960467649532,2.1528082266490953,0.9511897312113419,0.1965859778025062,-0.39895415515531263,-0.22160312214278388,-0.08120497465997303
1.5831253751976084,0.6578433240204489,-0.5635162206500961,0.9511897312113419,0.3220657414102433,0.5160528144884954,1.1615622732858208,-1.8046035992998002
-1.2265086434525891,-1.113592180596397,-0.5965129502990184,-1.0513149660756937,-0.15836154433222924,0.4538615169568864,0.8177237531474529,-0.7689892125295363
0.8231670106413396,-1.8565860305198212,1.1306507955349883,0.9511897312113419,-0.06887039397372553,0.2973565715002435,1.0090837707445448,0.22206169664228434
-1.5294562923973725,0.4741570250751491,-0.22546032503240432,0.9511897312113419,0.432923672259698,0.1859958560211237,0.4036511751371381,-0.764492478774237
-1.6830172094897922,-0.8476584417594711,-1.1068639135784784,0.9511897312113419,-2.203783238592279,0.24117355011551983,0.4681232333367949,1.840060500047685
-0.13577902488590912,-0.7052599389479699,0.15841865821848042,-1.0513149660756937,-0.9040856189907897,-0.29175579747348585,-0.95883659902919,0.12106701299024497
1.5935133758807993,-0.707179201566442,-1.063267677340183,0.9511897312113419,0.30989010937656736,-1.4206038348184182,-0.19821289197187014,-2.294931693071381
0.6492904148366827,-0.48600520615451104,0.8919559331749041,0.9511897312113419,0.5339070657814324,-0.7510408961699476,0.4970417576498447,-0.2861659634531132
-0.6266386387701297,-0.8882884362248382,-1.157169924550891,0.9511897312113419,-0.1186070176341392,0.6253331662324784,-0.6183034486937247,-1.8704979903228607
0.5063267490379983,0.6999492912828721,-0.45944773595225374,-1.0513149660756937,-0.8527502237226946,0.4567238796556222,0.1981688938669591,-1.7341433021478294
0.8197883976980894,-0.7546403577603544,-0.7622174372331398,-1.0513149660756937,0.5636270753386224,0.030930567451469788,1.355437924021311,-1.1272309970711951
-0.17814811637988673,0.022794919156515533,0.5974950966460656,0.9511897312113419,-0.3723593756527072,1.3436618016139292,1.0283983884926797,-0.8875609726612017
1.337075388647069,-0.5028559830238057,-0.9058599623062747,-1.0513149660756937,-0.2650603287536872,-0.1342917511547503,-0.8141170322909533,-0.3310953862678239
0.4350640530627885,-0.5143145371843315,-0.7948660265776298,0.9511897312113419,0.1977891399233567,1.3521601288442535,1.1915378348996546,2.086602254944053
0.9256203106294257,1.6332923732575908,1.582949426765664,0.9511897312113419,-0.42182717229998956,-0.12691587586718117,0.7759757961439963,-0.360766322169169
-1.0248313574642443,-0.1475344682172417,-2.313403291640934,0.9511897312113419,-1.123253984209161,-0.2520545731064656,2.6635429543929097,-0.22378157373899288
1.919889978608402,-0.1919215881657867,0.6635967967350408,-1.0513149660756937,-0.9909619804392574,0.24654853994775988,-0.9231864601235835,-0.5967175337811403
-0.11783057961183,1.349954794823455,-1.1680265265206646,0.9511897312113419,-0.7303907773742251,-0.7405794423071933,1.553872122564617,-0.3992900855661762
0.05151747384716755,0.45466520088102036,0.3514721625138923,0.9511897312113419,0.19245733411156055,-0.3316053373659405,-0.6124876818789723,-0.8647748052033315
-0.49236823173519556,-0.5941628308053388,-1.2203373651785907,-1.0513149660756937,-0.6890971811636907,0.17384504520501184,0.45604883940385826,0.2922310536840942
-0.7770153907838625,-1.1414650355905862,0.6163994769297092,0.9511897312113419,-0.7632749300813806,-1.9190818524739965,-0.6841126476333393,-0.5001046593450668
-1.0181584845340113,1.0657386977452776,-0.9896184963003459,-1.0513149660756937,-1.3368048746998324,0.25139594095137274,-1.5007651861232116,-0.6580024086364306
1.8685841637223168,0.014351342941923006,-0.8378935821364493,0.9511897312113419,-0.0701411781490581,-0.6040377011130288,-2.078309878619184,1.250616975505216
0.9100277124073274,-0.23917663257031874,0.9062506864129648,0.9511897312113419,-1.9229551624154464,1.0799710775568585,-1.2157637179675715,-0.3452531082307252
2.3622289363888824,0.8149035581311262,0.21951244410019363,-1.0513149660756937,1.3451526472945379,-1.5712894565655737,-0.8589574990493657,0.8106615367849347
-1.4141175996773117,-0.06294067142915061,-1.3541627718008928,0.9511897312113419,1.2939143447324124,-0.16307134889729566,0.27586580309862824,0.4936902427857138
0.057392623286906544,0.5783024108742617,-1.4778927468537661,0.9511897312113419,-1.0247202714517818,0.584918183524182,0.5336696994957865,-1.3173103014988563
-1.5082024410516097,-0.8782933071055254,0.13201152648640727,0.9511897312113419,-0.20911556772901577,-1.2961085657424434,0.695182527794194,1.0493871554154823
-1.1184544581309679,0.2806807879511875,0.6815880648598724,-1.0513149660756937,0.24052978585326104,-1.029083545011322,1.1746818432060229,0.193118974385557
-0.9358967554324692,-1.3744353356429608,1.317917505722686,0.9511897312113419,0.14337288299617051,-0.7409472844317626,1.2007298281876757,-2.2389157821072665
1.1889077790960214,-0.07826209274614752,-1.1237319851332275,-1.0513149660756937,1.1220725491944237,-0.08272380132275833,-1.8540635615046668,2.1557145747872433
0.3881273601123959,1.5665231430798658,-0.053726249696280065,-1.0513149660756937,0.10349008129438475,0.26188414225980655,-1.8886678806736221,-0.3748523217871182
0.41403851771193534,-0.39427626457172743,0.43532086744435217,0.9511897312113419,-0.19895586976554902,0.4065631553000425,0.5422204384096777,2.4793865622931404
-0.5135675299613774,1.226986960445735,0.2812353708848334,-1.0513149660756937,-0.7309458543240642,-0.19704129087845668,-0.9750585931514125,-2.167383123861305
0.5956865829741543,-0.4746834112788564,0.6610239195934402,0.9511897312113419,-0.544252698251266,-0.9430904049950173,-0.8319585624746031,-1.277005734692241
0.9417951522301289,0.8367045475750163,-1.6606423498563445,0.9511897312113419,1.0706759991596395,0.48190111471598157,-0.7017537104585213,1.9706448722698318
0.5239522119840828,-0.11550493212137536,0.19005427200263844,-1.0513149660756937,-0.38462103513540746,0.16053701260360467,0.9706666469865667,-0.642773170135622
-0.24736587799619109,2.151772363825432,0.43505440379991134,-1.0513149660756937,-1.6483626198487096,1.9237744218865578,-0.658595445805039,-0.04553553830271614
0.17161923226217962,0.6146522111641202,2.260832805704531,0.9511897312113419,-0.3774631259712771,0.39422435886835155,-0.7173996364850102,0.2322603852978689
1.573332728719295,0.07862426226012938,0.5441449550656065,0.9511897312113419,0.7441905620869209,0.312078234959867,0.11720045330406526,-1.7432523423262647
-1.562293630737183,-0.41415920579745336,-0.9271602724244474,0.9511897312113419,1.3483892523452516,0.550005583398829,1.5322868054451884,1.887454052648026
0.6804462140720146,-0.13181604707190608,1.1970190882644252,-1.0513149660756937,0.9648924708485503,-0.937188089585039,0.001541253249182754,0.9794491445743558
-0.9911259557522413,-0.4152785342673672,1.0778765052926884,-1.0513149660756937,-1.5815598507867565,0.06138014471011465,0.3571013281703611,0.6998132891634246
-0.8700138825788298,0.03393632704572903,0.697095300119927,-1.0513149660756937,0.7718654741850333,-0.07793358622838722,-0.44103652385100833,-0.6547466247703667
1.0699960745603516,0.9713043724932463,-1.376962134491654,-1.0513149660756937,1.6298983388507504,-0.3367436830566615,0.3934426859793599,2.316646420569267
0.8757000706066256,1.1688070224968794,0.16494120628877249,0.9511897312113419,0.3471674669656671,-1.152778589794624,-0.6964198244615443,-1.646773855466218
-0.08086779236697446,-1.8550092896172712,-1.8903751900072112,-1.0513149660756937,-0.99940450471364,0.9123737964060759,0.43542438607885453,-0.52542953823629
0.635075696284242,-0.21809311876556547,0.028247292783475268,0.9511897312113419,0.41923204411443427,-0.042875071546865824,-0.5618659600190208,0.28030328117161607
-0.6243328074919567,-0.21303708515589595,-1.2991031151921262,-1.0513149660756937,0.7564539003680105,0.3990510863539019,1.5329286345984119,0.03485763009391332
0.2617804047512946,-0.21916631605694056,-0.8303319327499596,-1.0513149660756937,0.42369074323585604,0.6952413290782183,0.1062601792464636,-0.2243633315433068
0.9590004310224619,-2.2609282622956117,-0.15993256546341691,0.9511897312113419,-2.240277173730401,0.7566673532025724,1.8521962317114786,0.6541070283545914
-1.2437569616530926,1.9425436996051506,-0.7262881683712527,0.9511897312113419,-0.3091198794719678,1.1213768438048042,0.1712252935875135,-0.6573469079875585
-0.6848022624393383,-2.0686141269923786,1.004478948356718,-1.0513149660756937,-2.0720779605730932,0.9080895414564368,-0.14624647249368533,1.4162092279800715
-1.4603215435488375,1.0178329809930677,0.7786310323458123,-1.0513149660756937,-0.9894944959355072,0.5626814455744543,0.32485820716640185,1.4090522388889204
-0.47702279864742797,-2.692032966865574,-0.9060003177882403,-1.0513149660756937,0.9459733376453355,-0.5776356128410209,-0.07355723526747045,-1.4837387805830773
-1.1887313956195829,-0.6402952234373073,-2.4081861116467755,0.9511897312113419,1.4420202756118838,-0.3760456814300195,0.08726371900080597,0.44992725101488423
0.6804378114534111,-0.06835665149480102,0.45787923459030033,-1.0513149660756937,-0.3864698370284299,0.5022030183363861,1.2597986488342277,-0.4109238470855473
0.5397408578156783,0.3695533476128565,1.0510330559270542,-1.0513149660756937,-0.27360259444453033,0.27602488620191895,-0.24554260639107248,0.5209678930208064
-0.5012739078901826,0.6863793916631438,0.20167622364158494,-1.0513149660756937,-0.3152404282774741,0.7305823289613884,-1.5615418080223347,-0.8395474423599546
0.42773163831327554,1.0863688075042868,-0.6431375525130488,-1.0513149660756937,0.671982364844655,-0.8017295651567754,-1.5163059206054252,0.24569408124468053
-1.0535941017016919,-0.7214304663408678,-0.9651114415121766,0.9511897312113419,0.31366230695057584,-0.8582130396191304,0.8351189228578871,0.5488362873234042
-0.905025399567108,-0.3306924299455211,0.37090155297417354,0.9511897312113419,1.3807557559117376,1.1683893003994847,-1.5973280364041478,0.5287348912441067
-0.08135163801635935,2.152258390194853,-0.6367233092014878,0.9511897312113419,0.8469541062895762,-0.8319927788378907,0.14656393868003206,1.9706510235584167
0.36675255925693867,1.8753794770219956,0.1766860949588899,-1.0513149660756937,-0.24759952568673732,-0.14702298163806615,-1.4174203239128194,-0.32071563977288575
1.2445732515841446,-0.5147296892204514,-1.4239327792098755,0.9511897312113419,0.5845800598738656,0.9023479235044572,0.6036948426925989,0.5863468277171416
-0.014772351185822648,-0.15614633441499484,-0.6416211545662498,-1.0513149660756937,1.1080152846680635,-0.47913037405366643,1.1253224827409019,-0.878644068040072
0.5067255508557402,-0.10684908485908337,-0.7939556334748319,0.9511897312113419,-1.4743592313792042,-0.01216846668383213,-1.0104190507822501,-1.4257173689926814
-1.112851483687766,-0.8617118901453192,-1.6052914800159048,0.9511897312113419,1.0571196383922645,0.07746978392931052,0.20918712206039602,0.15980711609982487
1.0940435915481614,0.6285067192500923,-0.06850396657856447,-1.0513149660756937,0.8182914766106337,-1.0504660357464806,0.9010948808005643,-0.41592826262027444
0.8880287174051782,0.347629287927392,-0.33457428243448345,0.9511897312113419,1.9831193312182418,-0.594675278897737,-1.685097272709084,0.7889410849046613
-0.5064800955800763,0.16989038159112332,-0.9301314854475035,-1.0513149660756937,0.42401880146223847,1.5031032227544812,-0.4415997273470305,-0.6460894621929795
1.375424231155262,-0.3366366734779459,0.9077516638425543,0.9511897312113419,-0.5211272803641811,-1.0897412485488558,-1.1971870431204326,-0.7930677747409886
1.1518785850296824,-0.6154539302363728,0.11747305571088172,0.9511897312113419,-0.09102406768042828,-1.0683960149158114,-1.6054714280083293,-0.39586068827784615
0.9232509622648715,0.21458655407831562,-0.7189501179564463,0.9511897312113419,-1.087774256640437,0.7080630417380276,0.09957534754685227,-1.045900023712094
0.7452269600398044,0.25160959204109734,-0.9919901562029586,0.9511897312113419,0.3356870698734811,-0.3702742155331088,1.8161643289038636,0.3941534388904018
0.3012739419396488,0.7917067605345876,-1.7987571417467447,0.9511897312113419,0.17185205165952758,-0.15675194632960088,-1.069883003369954,-0.006545791312532253
0.8686896542819449,-1.70963334102961,-1.1512455976794478,0.9511897312113419,-0.7065732983248929,-0.1271001876705049,0.8038720187883094,-1.7446280404917707
0.12113836555229188,0.9602799576258652,1.3349778873623221,-1.0513149660756937,0.8338518278291137,-1.1726548338698781,0.7635347548258236,0.21128926957506797
0.788671734713432,0.71467723615578,-0.23608057717753742,-1.0513149660756937,0.7226219028883152,-0.11638431230616246,-1.5134300535082765,0.09057411231187909
0.5187301597220662,-1.4450925383292865,1.5688138793879804,-1.0513149660756937,1.3636895376732678,0.06237996040909173,-0.13379797584267514,0.07580813427819436
0.33993566993792845,1.0910081493396768,-0.9482136063144933,-1.0513149660756937,-0.0981561792500833,-0.8577157339249393,0.7151292406546532,0.837935454178664
0.1648105163324568,0.9300858074781627,-0.9958689069594874,0.9511897312113419,-0.3192623345001037,1.3029081085508423,0.6882493259112334,-0.6964785929381269
-0.1821954986852001,-0.37326760281798615,-0.16104167543645784,-1.0513149660756937,-0.7056463962316327,3.5511821795760166,-0.5742073969863619,0.8308226654649775
1.097932151536644,0.4930914877700838,1.5626399195155463,-1.0513149660756937,0.0415054315903439,1.5596963522387137,-0.06223834890729304,0.6990751600624905
0.17762053511992307,2.5640047571430595,1.5836747415409487,0.9511897312113419,0.8333739084406543,-0.783360900590029,0.7863110248128726,-1.2293006607104975
-0.8706144361090912,0.5295163537604519,-2.2353653378040255,-1.0513149660756937,0.28692664273838125,1.087809462131146,-0.03824769521412304,1.4057835839150892
0.3127834714005829,0.47737036945888406,-0.2707474214532738,0.9511897312113419,0.8104523572649105,0.06854312520346921,-0.3300779567416739,1.088558572606233
-0.3413733351491461,-0.10738295636222922,0.4152430920951109,0.9511897312113419,-0.30738037134311974,0.18724064996806097,0.9167548703424379,-0.4987894191959308
0.9799951136057051,-0.11661885774296625,0.0020315630668921777,0.9511897312113419,-2.146577735399071,-1.1719978121563988,0.6379001761199737,0.1487753897416553
0.4276493202463484,0.17240183374949014,-2.1651596893446756,-1.0513149660756937,-0.849546790159531,-0.5702474892003995,1.8066510994244942,0.9924009298956296
1.3821796462402718,-0.6263048534247917,0.10127158148057591,-1.0513149660756937,-1.339650562233241,1.38185324209857,0.06418916364772144,1.363004096324588
-2.907244108149115,-1.405764693847757,1.4014344789097473,0.9511897312113419,1.4591454300283762,-0.041028025960698274,0.3455310418634383,1.1774009956411011
0.7366988908635771,-0.04370601791271562,1.3301788025167312,-1.0513149660756937,-0.43953718188102486,0.1909468807923016,0.4351806303661479,2.3958664488836865
0.3417767872372453,0.7282821593347868,0.6686888626267421,0.9511897312113419,0.8008972575887986,-0.894782102040099,-0.01925237899979937,-0.2442110508479997
1.1192103808305427,0.9403034550314076,0.3165948948286166,-1.0513149660756937,0.4207401184747053,-1.291277189537834,-0.8900780676737992,0.045914033563172585
-2.186704257911434,0.11859322312031967,0.06302214276223599,-1.0513149660756937,-2.0691208215093813,-1.5692885188173742,1.0694684670209853,0.2542197682178556
-1.4969394023098463,-0.45219696012249666,0.8627114395784031,0.9511897312113419,-1.2299254627392162,0.6601712455357623,0.5807151971779159,0.7862017695860728
-1.7505446619674463,0.44895798101836915,-0.999329715883995,-1.0513149660756937,-0.8291022598008039,1.4333441116874226,-0.8666309923759218,-2.0437073229365925
-2.162807246221654,0.47742760046308186,1.044694836863233,0.9511897312113419,1.0418156177144489,-0.34286806782279655,0.8586349281586072,1.002876188325539
0.24669696832797466,-0.030933332063741336,-0.4108751532362857,0.9511897312113419,0.8846451127328359,1.4386223441304962,-1.613645043582659,1.1277740929210294
-0.6445980501457453,0.09714329504835949,0.09740347448405648,-1.0513149660756937,0.42973455573973984,-0.07124242211063735,-1.443055475799351,0.09803263589503332
-1.8738261559848395,0.24037867757647233,-0.07189098104347819,0.9511897312113419,-3.605436012831116,-0.7965584426614694,0.47948445482581636,0.5164279668686313
0.9370933685204771,0.7908052808753476,1.2427965170340576,-1.0513149660756937,-0.7794266255141382,-0.9919879710062566,0.5317858717761488,-1.6969888754223992
1.3680463442935236,0.9162430033270812,0.2850286647806822,-1.0513149660756937,0.5667972350226014,0.9878753333205422,0.7843251057519213,-0.06572782077029793
-0.7734212739280315,0.24933926959002486,-0.033137469633762635,0.9511897312113419,-1.3331408447687738,0.9199003496814762,0.19253539381015136,0.4759727717150303
-0.1536015262787985,0.17193981689263602,-2.4991523657305805,0.9511897312113419,0.19748041938689279,1.452088124525119,-0.8962823838904366,-0.42022271215228724
1.127801671884084,-2.091854698699919,1.4454759710038927,-1.0513149660756937,-1.6933360781936304,1.7749326950077666,0.15313048616280167,-0.3448005847426605
0.5795735640675204,0.1399087211416734,-1.3061785137885802,0.9511897312113419,0.6136293838894739,0.10368547259978465,0.0783250598713303,1.7776516780282672
0.012683487838034,-1.500252462541494,-1.041926065868375,0.9511897312113419,-0.8400593237997068,-0.5409177687584757,0.1891876049501329,0.3775291697152089
-0.41276317131591894,0.3816717252899119,-0.8865709476123926,-1.0513149660756937,0.003916854795340653,0.6254310972195227,-1.7209871850345226,0.5002991527805637
0.5589426364277252,-0.255083118248228,0.3842214418454154,0.9511897312113419,0.37299115452740805,-1.271189487462508,3.2850920447544127,-2.1429748692214363
-1.0340096580789506,1.2854388524326459,-0.023760707097117032,0.9511897312113419,-0.6515056972088799,-0.06450575048858158,-1.6693632573260868,-0.12053520735083982
-1.5340792202707456,0.8085902327513014,0.28761202478641623,0.9511897312113419,0.3256351137050563,-0.3594194493546144,0.5265830973902452,-1.122146675868222
0.49005106614325505,1.50856538891735,-0.6669418458143659,0.9511897312113419,1.1260517921196276,-1.7038658060533138,0.44781726282193685,-0.4451964407832927
-1.2653745513814234,-0.73560968480321,0.40470306907904063,-1.0513149660756937,-0.9163688923183511,0.1833366639969873,-0.690888192036259,1.1640411092138203
0.3721362016640302,-0.6599091399191762,0.9921177138536846,0.9511897312113419,1.3171136871354368,-1.08409746970605,0.5113159984684935,-0.4631141603859928
2.6598903366382456,-0.9302019206281509,-0.9154798255451334,0.9511897312113419,0.5119907744961487,1.4628939225920745,-0.5753685236699357,-0.6658848874511206
-0.11771986372807308,-0.25740156469195424,0.586344655653023,0.9511897312113419,-0.6442904119726843,-0.11398711192946963,0.01745457911841017,0.3531702249294053
-0.7150445286192559,0.8931716299847396,-0.6990326863518126,0.9511897312113419,0.3316486507710759,0.9551781166329789,-1.2642745684364716,1.0976068198003792
1.0947572139733783,-0.8677026647933561,1.127404908192152,0.9511897312113419,-0.3783299942419003,-0.4539858310869677,-0.4569677442898526,-0.6487070792363706
-0.4942793428211078,0.06074132098433625,-0.9287619656693252,0.9511897312113419,0.3622028333605574,2.3241710242612053,-0.07866169318912217,-0.5498339391438397
-0.061952833849863935,0.5247661389861982,-0.9508785824137267,0.9511897312113419,0.19608785381888558,0.6726315415119379,0.5082269568500899,0.7543793577049661
-0.4556076480463515,-0.846365523992598,-1.1070464482281823,0.9511897312113419,-1.0223990729406367,0.6839065582760558,0.9510083088077297,1.2820332559833425
0.40273148423444327,-0.013057835352775896,-1.109138918288224,-1.0513149660756937,-1.2031254596770526,1.2493220255444535,0.20656425849897223,1.6038775399315621
-1.1974691588206254,-0.4233951196829288,1.1575554525728136,-1.0513149660756937,-2.01286749632381,0.18360147008959027,1.2223546048030463,0.896163708785199
1.22838672869491,-0.811754670667349,-0.8098912131052319,0.9511897312113419,-2.3398181321804628,-1.7953887434133318,0.010184967765260103,-0.6821055410338672
1.116221048469555,0.1783736570491321,-0.1001546766053863,0.9511897312113419,-0.648776768393146,-0.8118820663191257,-2.1586428346654003,2.4283027689391945
-0.7134074461009307,-0.7954903616640306,0.031597631536834016,0.9511897312113419,-1.0448316280888665,1.3405201912770972,0.8516004545331145,-0.018776691593979423
2.151193554411124,-0.6200347859908353,-0.4849997550080647,-1.0513149660756937,0.16376323903593773,1.570281588407576,1.0374272341939654,-1.1374245235081781
-1.0231196526243578,0.5594982211304458,1.8714738198957568,-1.0513149660756937,0.8231345077571931,0.4129627035423502,1.091139382063922,0.49593986647617494
-1.8932469212663083,0.35617706578841496,-0.47102072466753375,-1.0513149660756937,0.35787343089333545,-0.31035162412252293,-0.6752752439306272,-0.02445172359743405
-0.23467527580540512,-1.6938537694520772,0.5717569773066233,-1.0513149660756937,1.5280911051404658,0.10542992108695878,-0.40511863335312664,-0.25738436571242623
1.395464477603726,0.08694864148453081,0.04596407152854129,-1.0513149660756937,-1.6956023135775287,0.3778167577647699,0.0891033865951233,-0.14277567102210448
1.3208413833638661,0.1634911134231548,0.7772855098891441,0.9511897312113419,-0.14930729316095992,0.35570419812795157,0.23341396759647476,0.9857868089645324
-0.24380158316894465,0.6487990739747223,0.2700013799841695,-1.0513149660756937,-1.3236259746656687,-0.545340424841321,0.326170165395093,-0.03443511848442572
0.805942859807585,-0.04598638230033225,0.5460048919898701,-1.0513149660756937,-1.6969922816163745,0.8321520736799077,0.3105119560318105,0.7103511342098188
-0.040089730968146324,1.2514273568126946,1.162121057109051,0.9511897312113419,-1.389314053095851,-1.4343927750743615,-1.5844115124056932,0.38116288609271604
0.523587637070821,1.3744038633872915,1.5500514883372707,-1.0513149660756937,-0.6207200324203994,-0.2620919078531566,0.5032681165478533,1.0384657574371983
-0.14623405632578562,0.5156715208393408,0.6168886855214629,-1.0513149660756937,-0.8073339302663984,-0.843902255888845,0.6001115105342139,-0.08306367091895589
2.110200113805965,1.3887972968284457,1.250954537927493,-1.0513149660756937,-1.43737342863561,-1.6796648300354078,-0.5623743865229102,1.6007084518193746
1.6735083208060064,-0.15071748987663766,-1.1580630854726148,-1.0513149660756937,-0.3957518840439218,0.8786801163639811,-0.23269799941909344,-0.15057962557774382
-1.0273798099991416,0.006877756578996621,-0.5028176717236446,0.9511897312113419,-0.5569297247869458,-1.6332289911495828,-0.8940718153863567,-0.3140386644050633
0.03236057106854234,1.6525101109302163,-1.3539384747911272,-1.0513149660756937,1.5759036018803534,-1.125249258342429,1.1659964626740855,-0.10341952743321649
-1.0536119425095893,-0.3754999367553802,-0.1179558213059274,0.9511897312113419,-0.11516922648936469,0.7710760204034888,1.2737006914447098,-0.6911045306991739
-1.5143821816679925,-1.2991253561088447,-0.03062495289100312,0.9511897312113419,0.9552446519605079,0.294768718369126,0.3076620712748562,0.5718410494567534
-0.5628080550066409,0.2204976488605156,-1.056674970984193,0.9511897312113419,-0.5874252773933551,1.188605160381917,0.5563330127470667,-0.9538140905717272
-0.42732979197693527,-0.9565549791169149,-0.8729889332237643,0.9511897312113419,-0.9206026130885314,-0.5820654720321159,0.21674458620845838,0.7121791242326106
-0.13714475736312112,-0.6053314921466829,0.687159073735306,0.9511897312113419,0.0984270772909825,-0.2329995040757114,0.05536190113224635,-1.6232285216010365
-0.6967857689230075,0.407094897695221,0.2625802770683188,0.9511897312113419,-0.1900182248991313,1.6611777538350985,0.49962201687966323,-0.9262255588136843
0.9141989392693065,1.3658975582166513,-0.005833625142292228,-1.0513149660756937,0.729433591216955,0.044544855774777535,-2.678302356435875,-0.8895399789217583
-0.24916842447533005,-1.064381732490201,-0.7559189058858338,0.9511897312113419,0.39166679841892194,-1.0844890412015995,-0.702320023781937,-0.46891738474023004
1.766770546523971,-0.1821145607247213,-1.2373349554399407,0.9511897312113419,1.6849878173914423,-0.15816794671809362,0.45837339634462254,0.266226442355711
-0.40098468161708156,-0.7513459293264018,-0.3267548720086632,0.9511897312113419,0.9812239400667198,-0.7733261891382937,-0.4793674421393354,-2.5477845422296483
0.7375083934951018,-0.8599220970794266,-0.6544009786129942,-1.0513149660756937,0.258837565858704,0.008596566247662765,-0.13655533742885906,0.16134517060178358
-1.1955734271939369,-1.144509340934973,1.0662239929001798,-1.0513149660756937,-0.7831563957364563,0.300602967627152,-0.3009381674401315,-0.07204403926173218
1.0863334178244979,0.18118042193096984,-0.9019951346265925,0.9511897312113419,0.7953548748102537,-0.3181416007692202,-1.2678762552707692,-0.868722144928215
1.7020810944941358,-0.7951259434944467,-0.8374335716995044,0.9511897312113419,-0.5741267070170605,-1.2658341546801397,0.7375512828284911,-0.8494936015531447
-0.461918812385949,-0.11375027566630895,0.73494304073032,0.9511897312113419,1.2218294028090313,0.08475097977896158,-1.2278788422910973,-0.12326065555175525
-1.6075911812600263,1.082747062648398,0.6566994671698719,0.9511897312113419,-0.37025109320273136,-1.2413689014175882,-0.09904837037478825,2.4020841522722725
0.7064640090508789,-0.5184577241374014,-1.0482934447155912,-1.0513149660756937,1.0584554320595632,-1.034040362905228,0.1281711599362801,-0.9642359564782335
0.17454439841293748,0.5562972172757227,1.0677181544525516,-1.0513149660756937,1.1021662925065865,-0.9005434418081074,1.8419843478997016,-0.07241484947189271
1.2704860813397558,2.2967901795881516,0.47244297396065676,0.9511897312113419,0.5993649723234318,1.223471206134465,0.6049012106011362,-1.2041841774763815
-0.3625751061659192,0.7305620457449892,-1.726253190208982,0.9511897312113419,0.7450668166128148,0.34158518044646324,0.2742668153205063,0.5957965722829196
0.33253936370012077,0.7075464494967149,2.309851672166125,-1.0513149660756937,-0.5982590034130726,-0.7165138372108042,-0.6583775111537477,0.7647161002898631
-0.08568342111279643,-0.8194975550636643,-0.21487124400316424,-1.0513149660756937,-0.12137358020783737,1.11576340097186,1.0466596029961819,-0.10306372535621819
-1.0838006501235227,-1.2947152812240907,0.21609105713052543,-1.0513149660756937,-1.6575949986018812,-1.0213738820485694,0.8315193900429564,1.320791268986061
1.2390812931769268,-0.676203410519742,-0.3000571929212096,-1.0513149660756937,0.9135450915580763,0.08968976832755739,0.2269046627129424,0.08319324601841789
0.1353713745341118,-1.1703913030758095,-0.8528942894380231,0.9511897312113419,0.23413916581209254,-0.024895978403356573,1.5240746753967094,0.29783101518072386
-0.29498960773429495,-0.47725298451339876,-0.430187590804999,0.9511897312113419,0.36335842381680084,0.8046866123119059,1.491066386290181,0.05149760359527964
-0.4047499633569178,-0.16064914906672034,1.5362010725139728,-1.0513149660756937,0.34051935665186234,-0.7575640619579842,2.1743649229152324,1.0993612155556887
-0.20456381320949113,-0.2695900848150358,0.08441961117871086,-1.0513149660756937,-1.1259616988218206,-0.061045931827602866,-1.690462278575049,0.11047754306958255
0.43561942371469836,-1.5655869377765717,-0.6586209135962003,0.9511897312113419,-1.2868839195588104,0.47277546021355205,0.6262069927428776,-1.0053435077447679
0.6479427832129528,-0.21410098381950993,1.4302413385589339,0.9511897312113419,-0.7871097061345408,-1.9053714360924932,-1.0430253238056537,-0.6467598933585189
1.404252254289011,1.3985230913843032,0.16701530283241486,-1.0513149660756937,-1.4011834303158697,0.6494829322499023,0.5735115737374703,0.283138708585805
-0.48431807743604566,2.3006686860406136,1.013339089835672,0.9511897312113419,0.23039593697082056,-0.5031368059870375,1.0368447484142072,-1.214147634402738
-0.07018830385227977,-0.23355144429862537,0.2670068258432007,-1.0513149660756937,1.0966138650858253,0.3295423658000269,-0.9099844603038361,-0.09869202098735454
-0.10134846364564702,-0.3757605974603341,1.1063772721403011,-1.0513149660756937,0.6409625189581395,-0.7313748632633238,-2.5831039851523663,0.5494102219564034
-0.3404646551380922,0.28577700396803307,-0.8571998199916047,-1.0513149660756937,-0.9060217775503356,-0.6998755082724041,0.7497542998353017,-1.6957679928139318
-2.7772334375403673,-1.232462591126159,0.9932398624712175,0.9511897312113419,1.393502785954406,1.271626134084475,-0.5404346511344839,1.6438194500717045
1.763103574229503,1.2911687654799024,0.3260605925051853,-1.0513149660756937,-0.4673711381778712,-2.5566838712700415,-0.8896997879831352,0.7782914648231459
-0.914626269509549,2.6026414277833356,1.3658514909763013,-1.0513149660756937,-0.5060322147818266,0.7430271615781983,0.8437748985513783,-1.0940593652237376
-0.4763397223922971,1.0803900746862223,0.8327935046871998,0.9511897312113419,0.2146734494814254,1.8818687508526915,-0.27880343481476927,-0.4385586074051482
0.2720493555235254,-0.7296687250433146,0.8442705981460404,-1.0513149660756937,0.17331551484380062,0.36966368105206454,0.2018133504312984,-0.6244397813146301
-0.9653428257161908,0.3254329488320544,-0.02982367209502194,0.9511897312113419,-1.3052244985274515,-1.3038658211653198,-1.3400852448415934,0.370222594715189
-0.2825941127966132,-0.09120792350512719,0.7287773813641488,-1.0513149660756937,2.7280405117966864,-1.2787686389091486,0.9107476222813198,0.4818040514806485
1.3927432269969444,1.2265783967245802,-0.6286644369941217,-1.0513149660756937,-1.1059313331506433,0.5203784990776248,0.5060935457489923,0.17982603448162326
0.012022967067178696,0.4422401973233603,0.8802807848316883,-1.0513149660756937,2.0363611156824954,-0.3089124334432839,-0.49212606529525876,1.5483920066897592
-0.5581053364117099,-0.9049129881560317,0.30177432821844324,0.9511897312113419,0.0724630143422334,-0.14541885132308244,0.16472697208104917,0.5764755119718902
-0.7812158558806888,1.1866015606497584,-0.4809310474017188,0.9511897312113419,-0.16629759889280132,0.07190690900992308,-0.9583691873790628,0.2706687436330329
-0.8266744346577368,1.4213934682903393,0.32669320034703425,-1.0513149660756937,0.01929506595052464,-1.6567958817801862,0.4569768084915384,-1.1962049657593605
-0.42246930243674113,1.3775773824403215,-0.1577393290554038,-1.0513149660756937,-1.2658833458709127,-0.2582276823538717,1.1857299296531738,0.9342024515295726
-0.1980533164068655,-0.5505427436339194,-0.44851633390724666,-1.0513149660756937,1.7888301861618328,-0.16263927820078222,-0.24207927405659366,0.5958323461348747
-1.434118043682662,0.5003032395955131,1.4670251338655385,0.9511897312113419,-1.7630474676304309,1.3607949850500451,0.6739413949912425,-0.21889398235024626
-0.33534220652915214,-2.435422741077412,-1.057372261462028,-1.0513149660756937,-0.3809740052071743,0.30759469303387593,0.620272926771708,0.004146484117885551
1.0504271382504011,-0.429193564786436,0.8386384861192254,-1.0513149660756937,-0.33308115285007606,1.0432352196968917,-2.512875911556278,-1.6208109289678756
-0.14923026077168583,-0.9784368787740817,-0.8361767779974149,-1.0513149660756937,-0.6814259274296021,-1.1615803570743573,3.3193936667508908,0.2674898748432303
-0.5024082457655905,1.1005814070750088,-1.2963405362251668,0.9511897312113419,0.5837737623221222,-0.4240303770459664,-0.10008587622553478,-0.9216851335737116
-0.8928443872345888,0.6280366369110981,-0.5211353912841534,-1.0513149660756937,0.21752512841380683,-0.8096809481299858,0.614155506757179,-0.04638092835481117
0.39836879490315746,0.3773386416709572,0.14317623987995404,0.9511897312113419,-0.44057841981155027,0.7486652166367709,-0.41435357077864277,-0.34190720261350166
0.7877745106011984,-1.5360358972383619,0.45461803300222065,0.9511897312113419,0.49548520335474966,1.7653588997010714,-0.5208523159405773,-1.0504240467045354
-0.05638149918191257,2.0031157124870798,-1.800972860145691,0.9511897312113419,-1.5194573467182793,0.29512594255351965,-0.5400102987714195,-0.6685781724011065
0.8318284362922364,0.7491688408371282,1.0350936742084733,-1.0513149660756937,0.7246326488998454,-1.0350077866720901,-0.2904514382500496,0.6378014210132636
-1.4329227916020753,-0.6345497320124328,0.026274727088764625,-1.0513149660756937,0.19178794872686722,0.06180149956960929,0.7843085488160547,0.14087843239342174
-0.8400264541601783,1.704581800576761,0.821381587433888,-1.0513149660756937,1.5449375713023903,-0.2720333175807212,0.8158601191766777,-0.25677724750358244
-0.36225077756513735,0.6657361116609096,0.08943646945418637,0.9511897312113419,0.36423607380110334,0.6234429605832216,-1.0284574753600892,-0.6604767180806422
-0.04250908946692924,1.3015542004895535,-1.1832446972086557,-1.0513149660756937,-0.26534454069463115,-0.7286022121876587,-0.0599190590444023,-0.3251858907711996
-0.20450606072265523,-1.8977116653162776,-0.7610148405987444,0.9511897312113419,-1.2137855735108962,1.9309634352646583,0.8394690252745562,0.1687097137468711
-0.3498016578241413,-0.544986204634221,-0.7026215797032207,-1.0513149660756937,-2.5107344874172735,2.3487044295095454,-0.23062514106726184,-2.2243246149059495
-3.7787580921152055,1.3554025513251418,0.6764158681578629,0.9511897312113419,-0.529519937305705,-1.1253129994135804,0.907290098110809,-2.3245436456630344
-1.6063621237185506,1.6737908489406008,0.7459775275952609,-1.0513149660756937,-0.20283204179388478,-0.21258934032767943,0.3353999982526421,-0.9117106716837946
0.004202208037157107,1.5752452002717963,-0.11131596362283709,-1.0513149660756937,-0.1392783994123346,-0.1061102521807699,0.777187594237155,-1.0508392687012122
-1.492460171999188,0.07285456759196123,-1.8656143854866618,-1.0513149660756937,-1.0549783282358598,-0.5829369796181252,-0.18282559827143102,0.46129503351546874
0.6868696344082753,1.479163243181776,-2.1273250877220424,0.9511897312113419,-0.41930374492531897,-0.28785463421032936,-0.19263013411076413,-1.041262197232435
1.0734301586314228,0.32983957924020296,-0.17918975980970347,0.9511897312113419,1.059943958078658,0.11005067895163664,1.1305751834249769,0.516564266090715
-0.11851393628857942,0.12927976408206904,0.041043335490984906,-1.0513149660756937,-0.9824236656995532,1.7414009763441,-0.6884196726380789,-0.6903912537998582
-1.7709583293602502,-0.9858627075934064,0.929221507195201,-1.0513149660756937,-2.0770831399373715,-1.6134736089094157,-0.6960647699800222,-1.8388815274496049
-0.882636901137131,-1.5666843702379503,1.204060592214091,-1.0513149660756937,-0.08031674490250612,-0.6580891189769272,-1.7259149563512297,0.40299701571067315
0.6030867211589311,0.21140609402645985,1.3157475136110814,-1.0513149660756937,0.6251111580522523,0.20064887982839769,-1.2224877076785008,-0.7777518697628611
-0.5494008935484358,0.21475566101024196,-0.02486089335320525,0.9511897312113419,-0.5124364371776884,-0.2018330636018401,-0.3340793476545959,2.3543435267417183
-1.8485787062770815,-1.0512473318994833,1.4740731677132803,-1.0513149660756937,-0.6033477212582831,-1.076475531824152,-0.8131733617295223,-0.46710025583478293
0.6167728364288286,0.12026400684434001,-0.21840206402278498,0.9511897312113419,1.1442492506684518,1.1204427678471227,0.053420709632051554,1.2327261750969094
-1.7426931423440315,-1.185042395849553,0.24696373940019944,0.9511897312113419,-0.46635047458429424,0.31896674390405577,-0.6002402662042815,0.9841982355767833
-0.19695835760609792,-1.255608873302711,0.8723256493015626,-1.0513149660756937,0.5642728977089386,0.19349663994142968,-2.1621322365820896,-1.2265063537437308
-1.704971222739745,1.710452220778431,-1.8861852941662574,0.9511897312113419,-0.8644529691533307,-1.082154195351233,0.035718149023042746,1.245837004134319
0.9245840254701594,-1.8926062029049968,-1.6924366456968043,-1.0513149660756937,-0.3464872828938243,0.3929452184766606,0.24033416725457107,1.5424417159318116
-2.5530041081911885,1.2303596813347903,-2.479282071783132,0.9511897312113419,-1.5281969428018252,0.14349606611217577,1.6704085826676018,0.17832679368686097
1.2139511299870076,1.079823264777721,0.5272515169352484,0.9511897312113419,-0.30338034496594596,-1.1033672876844185,0.5876277875492221,2.731643530851466
-0.41797572681953205,-0.7706910804845106,0.14458891585607267,-1.0513149660756937,1.691025480596277,0.17481602958271586,-0.4264747026802708,0.5606438179615992
-1.0062219547375122,-1.1267653933658706,-0.8106908770948795,-1.0513149660756937,0.3132341633412835,-0.32656691165950197,0.10929666961525841,1.8492916038122817
-0.20244265693849234,0.3922582624116251,1.0713226921799612,-1.0513149660756937,1.1143339928034022,1.497265278310629,-0.11445320686158358,-1.5839461394866339
-1.384133817777061,-0.5055679903782286,0.6589940953533194,-1.0513149660756937,0.8095861047278575,1.3543957471620582,-0.06882927814769627,-0.09689135993503074
-0.6404652445225717,0.08539761081164694,-0.0327968133170652,0.9511897312113419,0.0883370315386398,-0.9160004098679441,-0.21416192450832236,-0.46531239754147197
1.2694176012741594,-2.303200469924306,-0.30023160555072465,0.9511897312113419,-1.1515204338950944,0.3583493897387191,-0.9918621847568571,1.1165735316417962
0.011030008907451113,0.4615300346261061,0.708245027216269,0.9511897312113419,0.6917483129839246,0.9259282945032675,1.1014145459571365,-1.2392410700099181
0.19358554924815255,-0.6968741802682727,-2.0726406929419774,0.9511897312113419,1.2302129464693083,-0.5357441227645987,-2.2433368761506727,1.5727098156693444
-1.108571032720455,-0.9184812750229278,-1.3700375725678742,-1.0513149660756937,0.3630508842457747,2.978272151292931,-1.1331587394369127,-0.011485818251967733
-0.792350590027388,0.8006931249365759,0.7181691162428558,0.9511897312113419,-1.0630094121303042,-1.5353545022056556,-1.078740309970106,0.007225749683259513
-0.8935357638928219,0.584938768781968,0.9840630484285033,-1.0513149660756937,-1.125833389950039,-1.9848413585581997,1.1615354491894503,0.13014096747187986
0.8529861058551697,-0.31099080761863335,-0.12968972166266632,-1.0513149660756937,0.5530527968286887,-1.6144397626822704,-1.4764785563331453,1.4248919729747118
0.4400480843797132,0.1329339604448547,0.3070420696190809,-1.0513149660756937,0.8047928275333024,-0.9020727128546866,-0.26217995754515666,1.6851956237904222
-0.30056083244737714,0.4624871479011645,1.239025060547085,-1.0513149660756937,1.1870587700362392,-0.5514893886201412,1.6776563463961116,1.2113677812388013
-0.5337561799769918,-0.6392216162128866,-0.7003818837203173,-1.0513149660756937,1.0602719573108386,-1.2208952587814161,-1.3187807356566765,0.23446657275144883
-0.6535556850774228,-1.7966471749243673,-1.0684713137743156,0.9511897312113419,1.1275748526865281,-1.3957612974149256,-0.28783351021637327,0.5012696446313424
0.7057653343291341,-0.10988499029669785,0.397809480566777,-1.0513149660756937,0.8933001208620799,-0.7894872820019763,0.6514687098716031,-1.4938980654955936
-2.4375960263899543,-2.008895405817332,-1.0373480354084355,0.9511897312113419,1.2608197124094118,0.4549843453364783,-0.15824590422902496,0.016595506330980836
0.9644826892442815,0.7481583529142954,0.2082745937330277,-1.0513149660756937,1.9165708226726885,-0.07455397782348158,0.6619256012587273,-1.7864157444814919
1.6132941322732348,-1.4027688118811164,-1.050684061877192,-1.0513149660756937,-0.05689669078780796,1.5584003796609445,0.2416878653057797,-0.7376632717849151
0.28805063966240657,1.0519071190130937,1.7756926199883514,0.9511897312113419,-0.4861188428324572,1.0919429766162954,0.0435298922576773,-0.8012377146538116
-0.8552233050422535,-0.5828323484370858,0.3448351596303831,-1.0513149660756937,1.9821804663521831,-0.4413538739266213,0.011755528758984942,0.17502798944706238
-0.8863447769858143,-0.04021770833811078,0.9251778247099278,0.9511897312113419,0.5410930980908686,-1.138263510120428,-0.4628972937427457,0.48248348440697386
0.34180970519311255,-0.13095232994528688,0.7632354755314542,-1.0513149660756937,0.26107855055885343,-0.30168767224122556,-0.6368123322752465,-0.07875377207286141
-0.1855210633407609,-0.08528872772403795,-0.5030052687184321,0.9511897312113419,0.23789420531356092,0.5471188403425857,1.6818553784208456,1.1855738446464148
0.2551288269807662,0.685133161562699,-1.733788766796658,-1.0513149660756937,-0.2428970428535413,-0.9810914881799895,0.5187918533057663,1.8063131695663202
-0.6959741626029192,-1.3921518068449936,0.04600088667779843,0.9511897312113419,0.6603720326623892,-1.076174516280982,0.8057815170780428,-0.035680129954156606
0.37935220692756433,0.8644494239842214,0.19516771599819102,0.9511897312113419,-0.05353543266649079,0.22942327038582938,-3.39199805941384,0.44338966291072035
1.6495201575829326,-2.8616968965772127,0.31953449075627954,-1.0513149660756937,0.30865368607418164,-0.7433513169397356,0.0777352488609271,-0.4819327992346835
-1.2296679518774287,-0.5172487003463255,2.015710901061545,-1.0513149660756937,0.257213350948136,0.8990614763267366,-0.34356898379107187,0.40231262678527796
-0.7951084730192851,-0.694223101512326,-0.3609744313545329,0.9511897312113419,-1.2713299719575473,1.391365462391403,-0.01563941708189722,0.5268622954151053
0.432165873658455,-0.8080046957658007,0.5656893630998967,0.9511897312113419,-0.0016014213239471157,1.3635715050703892,0.06749427593606704,-0.017298973447426935
-0.19166907595458516,-0.08302502676373738,0.1735533141312742,-1.0513149660756937,1.1695619016034384,1.3441169386705327,0.7957509530013588,1.453121064281265
0.09304170776325467,2.3740307680518704,-0.11512022878504109,-1.0513149660756937,0.5508867070034943,-0.5851165295332246,0.9286638365977835,-1.1779540704362734
0.4771860282001564,-0.8381854428150245,-1.2001925880099409,0.9511897312113419,1.6100723206966887,-0.6237575467020735,0.46390916287209133,-0.1195519510316813
1.3905531600618497,0.2172534779988766,-0.007491684978341924,-1.0513149660756937,-0.9560471366996098,-0.5308567243743082,-0.39489259100115803,-0.16897387419540272
-0.41475850231784095,1.8278183226747935,-1.0223439411947597,-1.0513149660756937,0.6554299834490436,-0.3425734411202223,-0.10632556696467776,1.1701239049942354
-0.9007675526274875,-0.07634106709815726,0.5630317246735158,0.9511897312113419,1.1591725575465586,-1.0834378247732908,0.07131051637136075,0.8395092959542763
-1.1132569781485355,-1.3610652474143692,0.01613512481776999,-1.0513149660756937,-0.8607988526528919,1.6828343586903873,0.6652650417797503,0.7637311227352629
-0.5606797132784298,-1.2928207481208334,-1.019513283599397,-1.0513149660756937,-1.1742967979279035,-1.4941486999593026,-0.8789048682460721,1.6778774927967957
0.04216106860427196,-0.45527459844644524,-0.40268961580599016,0.9511897312113419,0.5926464330656791,-0.4683561204537081,0.6759009151768031,0.5384835244387087
-0.021706168782195532,0.8296722499014775,-0.7765344401353479,0.9511897312113419,1.2615088734694506,2.722248699373004,-0.2788452535279284,0.06990296220320907
-0.5943627201586972,1.1412835769789653,2.291550226987422,0.9511897312113419,-1.0301438996481083,-1.0628400105354991,1.0975875206568235,1.8374824358200823
0.13254069362607931,0.13347575650124924,0.1253432394280767,-1.0513149660756937,3.0048211522858512,-0.5530903883195272,0.8497057499062952,0.42876208035738406
-1.0094666889445603,0.30331717235400796,0.7136493220490148,-1.0513149660756937,2.095475882876391,-0.20803988725377215,0.11634453848008619,-1.1289998727625383
1.4341179070260264,0.30486374380338027,0.7034127943221701,-1.0513149660756937,-1.7774975550864964,0.2945589322150602,-1.3686455055737137,0.7951548611413044
0.24753284957080765,-0.806417512425643,1.0207573784472177,-1.0513149660756937,-0.5289288890165786,1.141524892990852,0.7459890042547349,-1.533216000105822
0.08312859858830332,-0.1426959173426161,0.0010540212890425779,0.9511897312113419,-0.7985801817258302,0.01143902264998096,-2.1093125873140743,2.024694963761106
-2.012499917312879,-2.670093118557974,-0.2509241925383955,0.9511897312113419,-0.8863912264060113,1.9550733253359398,-1.415518938643752,-1.0195979087792912
0.4416754932249574,1.049950535352539,-0.7319665714919501,0.9511897312113419,-0.3952844855772952,0.7533974632538327,0.26509473630878455,0.22474152756302024
0.7875873978210403,-1.2503816518109208,-0.7053175262867862,0.9511897312113419,-0.1520922686420599,-0.26596033717134243,1.2434150091761182,0.08249225785502705
-0.4505772528686888,-1.0547388818328818,0.43959071720855936,0.9511897312113419,-0.33941843733845983,0.7009374260021293,0.6154781296300834,-0.012031489207259915
0.8091736690190243,-0.7442719119542265,-2.589133547391531,-1.0513149660756937,1.1807219950558114,-0.43372570817178424,0.7330835672703128,-0.13662990753039092
0.38330316309065016,-0.41113647813320814,0.30713983762384195,0.9511897312113419,-0.22949329883666972,-0.836235683753461,1.154995860646726,0.32178706561167475
-0.35627222315109885,-0.08450415255210805,0.5087746076836908,-1.0513149660756937,1.0192362087294686,1.0784300367555388,0.863356549053548,-0.41949222974610056
1.0518664623998544,0.9886587641892026,-1.5645313887005057,-1.0513149660756937,0.4361318673413369,-0.14323392871915086,1.7587683684492739,-0.2308619562610557
-0.5227067268766232,-0.3255231455911697,0.8817712514161135,0.9511897312113419,-1.3767534036913003,1.062548583877524,-0.34800841692930307,-0.9328052866405441
0.9531706400174408,-0.5527101181617123,0.17930781026008794,0.9511897312113419,-1.1127504233393875,1.0612032619481706,-1.6145585423451585,0.3270435399242772
1.1378632562020592,1.109261037058924,-2.6289313110827193,-1.0513149660756937,1.0888693853824423,-0.24838115414057693,-0.11699717861098907,-0.9804544682287488
-0.05700431599498789,-0.5279126244189286,0.7368406997063214,0.9511897312113419,-0.10820115010479844,1.1618394044199067,0.4358967164755084,0.4724076257009334
0.05532513177706838,0.9699382273056618,0.35242145161978733,-1.0513149660756937,-0.04441868758911841,1.29547181927474,1.481267576077319,-2.0318629942802615
-0.5989177974951969,0.998092896980329,-0.4539376790353693,-1.0513149660756937,0.6468637789622332,-1.1215813396546994,0.8233309300667186,-0.43748065448206197
0.6611724033499501,-0.16958303277212322,0.4498533562365232,0.9511897312113419,0.7579359884802674,-0.8305822952916202,-0.5372734366501062,0.11166943414405676
-0.1626401508976548,-0.9085853921537448,-0.7059353073548826,-1.0513149660756937,1.0967242316494346,2.935411881237936,1.0242411397337998,-1.323539409496427
0.3835663529017172,-0.6548270768053045,0.25674940491255077,0.9511897312113419,1.7641920983233557,0.2500931475407977,-0.9234871272312017,0.26567799082189136
0.9093965434415285,0.763155100290783,0.6610002364004433,0.9511897312113419,0.26911886066964325,1.1958472301331087,-1.548137511350737,-0.2238430924383896
0.7223661665751907,-0.3000639880691879,-0.17691090224773343,0.9511897312113419,-0.4159845462759138,0.3032900255163603,0.12626510361106025,-0.6293198689695227
0.20293300554478363,-0.5836686807981799,-0.6113070111746098,0.9511897312113419,0.3805405601028742,0.39722578907130074,-1.664615319561663,-0.681580133949073
-0.09292050479627983,0.27327762887738605,-0.4042917650510679,0.9511897312113419,0.5096277184951133,-0.9584548037607241,0.6726592555280159,0.9073707839265149
-1.072815694454174,0.9398458562705702,-0.4093861083223078,-1.0513149660756937,0.03466869961705031,1.5121264387821363,-1.2541774032043609,0.5953391702152655
0.9756361475579587,-0.7376054134076067,-1.6480938390108257,-1.0513149660756937,1.1207252819027569,1.226493629320843,0.5806283995486359,-0.6825722262717041
0.15941127949248182,-1.114577936903995,0.9168216746178667,0.9511897312113419,1.8677516111882604,-0.025331833124651138,-0.06670727706031693,-0.6638592761843718
1.6878565329511084,-0.7044744694297782,-0.8424161393172924,0.9511897312113419,-0.5400990902502673,2.342529349484065,-1.233708847273827,-2.0164854852930403
0.0964163672383367,1.185369939903756,1.0409653590343733,-1.0513149660756937,1.123064066569385,-0.047291417781898264,-0.7519404652982138,-0.8892324566685734
-0.9480457345553671,0.5246486597619177,0.9365899468487152,-1.0513149660756937,-0.0425429776034739,-0.6362951340644064,-1.1714964426477608,-1.5224319064960343
-1.1436363782141434,0.7817806528012832,2.1863161740115538,-1.0513149660756937,-1.025008709187387,-1.409960385908816,1.203035516132286,-1.0983161711876905
0.23154728972040878,1.0292964935543745,1.0366951265401374,0.9511897312113419,0.4031556193301669,-2.4191934199187406,-0.11991005794111066,-0.5915527425653087
-0.6229890066373718,-0.2926999574517178,-1.587368061524056,0.9511897312113419,0.02410633999020242,-0.06137761594213796,-0.7458515173998548,1.3799732314707311
1.3055557639493394,0.9616780709119762,-0.8902625583569738,-1.0513149660756937,0.839413854595059,1.510390851129163,-0.5849362860904,0.3412749988933281
1.4315182061696825,-0.20615381859467577,0.6946402380789215,-1.0513149660756937,-0.43319090103324565,-0.6880608375590724,-1.1631303546381242,2.0764284456024438
-0.4026080689151501,-1.5300164466307715,-0.759722523831451,0.9511897312113419,-0.22377759006922507,-2.180226395822308,0.15568284354603665,-0.49841766391217446
-1.2630843674150198,-0.11677087089036206,1.2079436259741838,0.9511897312113419,0.8855002165677835,-1.4015309878309792,0.0475695571228887,-0.21592105883704882
0.6127656479011441,-0.8145381077825318,0.021555442005065217,0.9511897312113419,0.14148360718651554,-0.11014691547700581,0.3073139059343447,-0.6821777483315302
-0.8553543339251893,-1.8214015023893162,-0.546623764294898,-1.0513149660756937,2.8079826254474436,-0.7488780875734318,-0.7037722074096798,0.5021772214258294
1.2405264845566046,-0.1501614664873645,-0.4991124600128503,0.9511897312113419,-0.8764632055025361,0.8468372199719043,1.0902421328982532,1.1369608495581676
0.9651689392712528,-2.8241414018387427,-0.04297540300613773,-1.0513149660756937,1.3687059471964542,-0.22364063708252996,0.39655820638642003,-0.8329632842797374
0.8703222576353603,0.43213601119000694,-1.9480584832620567,0.9511897312113419,-0.29385897035616443,-0.9888312779872362,-1.4481332597301517,-0.7491880700075968
-1.163457031503314,0.22186378587524627,1.6375680541934763,-1.0513149660756937,0.20139764497280208,-2.0316210446970886,-0.4473393063859896,0.9183838622557603
0.5489388213304252,-0.6916535528200681,-0.60762695600549,0.9511897312113419,-1.6443647613702115,-0.21689929280481912,0.4093436356909642,0.2599412863872407
0.26353190904978246,-0.23843212029430166,1.8956743063544124,-1.0513149660756937,-1.2228629524816996,0.9652103349692391,-0.4631075471192455,0.3160896480039043
-1.183815960618039,-0.4530255477523384,0.29985981814778734,-1.0513149660756937,0.20315515664652997,-2.322430261125987,0.4838143491584898,0.9989081078468194
0.6894800729378914,0.08373713424114922,0.7525977869113211,0.9511897312113419,0.8613734786014214,-0.57964702323763,1.2309430520403668,0.588364601501022
0.0723337853778924,-1.3780328401791986,1.20416302474797,-1.0513149660756937,1.3673509273611149,0.14661881610170555,-1.0021689368502842,0.2501324731149102
0.18605859423293192,-0.11659326886090282,1.2999889543327674,0.9511897312113419,-0.6075368787796431,2.0171237334934666,2.8222771224518346,-0.10142379626371155
0.8278673432937652,0.32200330705871305,-1.0471184327324887,-1.0513149660756937,0.4557404027366961,-1.0568920658707022,1.8494001569026508,-0.9025940178218204
0.10155999087956945,0.4008593375790849,0.8727564659363496,-1.0513149660756937,-1.7404827569527745,-0.4789763995425856,-0.6581042349350028,1.4394015143678942
0.03724896302736427,-0.7325366922757628,0.47729690866301305,0.9511897312113419,-0.7553963550062813,0.5608011301029985,1.0567854429979575,-1.0141769453727205
-0.5003273351024783,-0.5287337918143856,-0.31380763394975403,-1.0513149660756937,1.0431166306138844,0.038076340480438356,1.1521703803472652,-0.17754864387102795
0.8722314529412798,0.6896359270515748,-0.059553278742785355,0.9511897312113419,0.34012680120649685,1.5608079180365209,0.4809522376502661,0.020627543929085942
0.34527310287239155,0.26248310256946855,0.42550279392012347,-1.0513149660756937,0.13799522797040198,0.21654855724919458,0.3763184852599013,-0.11606877120711485
0.0751626404840679,0.13847551189517882,1.851007703017194,-1.0513149660756937,0.29218632800543415,1.6686170332134957,-0.6111322022655576,-0.8795038153374637
-0.34624426516775797,0.004167354775754994,-0.5492165307992517,0.9511897312113419,-1.0870605776071232,0.7202020481861451,-0.20633993736385495,1.2633964716082517
-0.9518250905973951,-1.8408587112779538,-2.038132884660938,-1.0513149660756937,0.438537012991441,-1.3817192079833367,-0.879998534146011,-0.1019995267510034
1.0913614966393623,0.3234360897486914,-0.8264290840143316,-1.0513149660756937,-0.7995058484271643,0.8619515066620087,-0.41404439724642955,0.4992203560625117
1.6081981516498098,2.007721831676806,0.09169043357584343,0.9511897312113419,-1.4044921844074458,1.1652866049994037,1.0572926565092118,1.038566978119698
-1.4237748384178828,-0.12830588841821775,-1.6597231721312389,0.9511897312113419,-1.1098109351327194,0.4948319108690779,-0.0873310014049383,0.4162377619319862
-0.5991674541338742,-0.02011165895314257,-1.123565959289109,-1.0513149660756937,0.033371380732217404,-0.19151214853779144,-0.6047940678244286,-0.9379675030760297
0.5179851905479815,-1.5025379135841508,-0.49064129430105713,0.9511897312113419,-0.12235985195403615,-0.12344231845682319,-0.4016808226913711,0.27634797863050353
-0.5920200124630722,-1.533184628711841,1.8566828449000434,0.9511897312113419,-0.09657913654992956,0.7618382157898328,-0.8017179841257085,-0.17176454637057623
0.612543581149929,2.2440512639336965,1.6257702635983782,0.9511897312113419,1.6979934596361945,0.6134345826068963,-0.42420692311042957,-1.1008926198618723
0.17673391534952795,-0.8352447401852198,0.0830388745936404,0.9511897312113419,-1.0366736018994345,-1.6980813393053915,-0.04901681879070055,-1.272331198172022
2.712359572463881,-0.10481102288350866,-1.2693166525706638,-1.0513149660756937,1.0839139844729035,1.3747321071105476,1.0376163997640966,-0.5115758148498777
1.8260304729222907,0.7464178737651378,-0.8045283796940209,-1.0513149660756937,1.185058591004155,-0.15610911831851046,-0.8593662712632276,0.14148022542051292
-0.3188680854143353,1.5084408388831938,-0.1604331737984849,-1.0513149660756937,-0.15480475572573166,1.1440359948705565,-2.195506183077192,-0.3359258507685665
0.057406685008281735,1.2560912113113187,-0.5068011979372921,-1.0513149660756937,1.2376794192298364,-1.3198334599346258,0.29978850243544053,-0.1707886211233683
0.7769862817637285,0.896633593013866,-1.1986858926135546,-1.0513149660756937,2.6831659105143766,1.2636814287985392,0.5104391426560293,0.45571806059215825
-0.7083783065503408,-0.011979692865247003,1.7109177369490705,0.9511897312113419,0.5817629400794931,1.637427263367371,1.2583085025205871,-1.644720386002962
-0.003652212878258012,1.755731659897228,0.6477068338543212,0.9511897312113419,-0.2529845242746151,0.4433052495331951,-1.9923587995928371,-0.24944962047002484
2.0482430097965016,0.9848062913248568,0.17756851142613542,-1.0513149660756937,-0.08013142459949998,-0.7964850049151986,1.3550193579603749,-0.06819484402529248
-0.9080543869381601,1.9116519640576466,1.4606554018776128,0.9511897312113419,1.1875069736586263,0.3669262229540085,-0.11898034809681426,0.18289408567781237
-1.7454619566945835,0.46192081140675667,1.250976407812563,-1.0513149660756937,1.343740110129574,0.6223221088677402,-0.3044821395126284,0.4507185053823079
2.101909360928002,-0.9663607487781264,-0.8545737599611757,0.9511897312113419,-1.1397995478287997,-0.20799159411744178,0.28334726314318437,-0.7345059349186429
0.3107820156875741,0.03216678108483304,2.304342764524495,0.9511897312113419,-0.6279799702212381,-0.5718748403804647,0.8605005067559438,-0.3582940266331629
1.9162591341645758,0.35650937144153827,2.300106576254328,0.9511897312113419,-0.238308807801401,0.05127566333687733,-0.29689668857174334,1.2542268243077852
0.21277267943562003,0.4076902793963985,1.1807108715367152,0.9511897312113419,-0.7306323211935873,0.32558757034816277,-1.6783845215466426,1.0037818234994726
-0.8311476054666853,-0.9335776881956362,0.9635731805925056,-1.0513149660756937,0.4709677218452303,-0.6378135792954619,-0.7965372789730376,-0.7025959171668443
-0.47363962847299806,-1.350793415726201,1.0927867178288804,-1.0513149660756937,1.1861995846417395,0.03245857053205027,-0.8169248757645474,-0.4785401387346152
-0.13638740461783241,2.0144604377926125,0.34683788584051267,0.9511897312113419,-0.8188858746786569,0.03996471277737012,-1.91434918238801,1.281846534694903
-1.031502070251171,-0.9120237773243741,1.0623274593536018,0.9511897312113419,0.9244179795862861,1.1098518122535648,2.4859591023124312,1.508059057618253
-0.3231571757344755,1.3626734880691282,-0.4348514736177202,-1.0513149660756937,-0.06217692479329276,-0.5254435377337984,-0.593568888061034,-1.4700951752364588
-0.6585608536749139,-0.6964210584818041,-1.9005598001533073,-1.0513149660756937,0.4473371496217647,0.5885855676607807,-0.04378143321105549,-0.6575609498796036
-1.074765552945778,0.24153408633826284,-0.5290797992404843,0.9511897312113419,-1.1461906420529309,0.24199030772837704,-1.6015986146182841,0.26777041155407866
0.03182225645113385,-0.7211780452928293,1.3081849520569093,0.9511897312113419,-0.8888432439752132,-1.7133679235777788,-0.5167676185974839,-0.6766593268138502
-0.4009552823767321,0.1067631231780757,0.8542734600790605,-1.0513149660756937,-0.0018931195218883866,0.012137569175383488,1.2571423971170315,0.45473300811075845
-1.416602064335329,-0.25117792681208306,-0.24484582624178275,0.9511897312113419,1.0030352634075124,0.18158178849159193,-0.03650522829926045,-0.2154729580433834
-0.5704821807428309,-0.14600574043213546,0.8291548378543986,0.9511897312113419,-0.43289334047636313,-1.9006829762129407,-1.246203173901455,-1.2481003481270605
0.03267504029225442,1.7592535018572197,-0.6980969883704354,-1.0513149660756937,0.20522589694240492,-1.2773080677380333,0.364191080272521,1.0595347814281453
0.15967313201680042,-0.8095675672279867,1.3724969257468422,0.9511897312113419,-1.4304832364111941,-1.423616631224776,-0.30649739473297744,0.28696114367552095
0.3412373372481659,1.1497786549857238,-0.3743664593587195,0.9511897312113419,-0.8561734501105236,0.8107152670961824,0.5998397539011511,-0.5199278333438119
-0.9830923504400753,-1.4581966262728356,0.35125066510976716,0.9511897312113419,0.13954200547166823,-1.3095980323389247,0.11985840769363294,-0.8676020700806474
0.4299397949449231,0.39799615899203655,2.004130992275007,-1.0513149660756937,0.3211569984747446,0.3135031235566532,-0.4887389504755163,-0.2272538664856037
0.09690847223095325,0.6114754119891826,0.0031836961274874123,-1.0513149660756937,1.8554517763452445,-0.2889853500571079,-1.1343761186739683,-0.6122317966403679
0.14698562248342653,0.6218653968255932,-0.8851193858141343,-1.0513149660756937,-1.456125217442683,-0.06948068881490689,1.3022398052937725,0.196494148666613
1.2068134705513582,0.7300759643474297,-0.48392600072331565,0.9511897312113419,-0.2675408979864065,0.8874553635675604,0.8972204046100258,1.0144157561676133
-0.9610296641713119,0.19864764714806418,1.479998944942967,-1.0513149660756937,1.5979899762623293,-0.8352192711231734,-0.38113704911761015,0.3085501423228338
0.09861693123941502,0.9576420572644033,0.32924184008506363,0.9511897312113419,-0.5505837519761723,-0.4269758129976001,-0.4632823600954231,-2.559491437011288
